Category,Copy
Events & Holidays,"New week, clean slate. Set a small goal for your next five drives: fewer hard brakes. Watch how quickly steady habits turn into gift cards."
Events & Holidays,Holiday traffic builds early. Leave ten minutes sooner and treat merges like chess moves. Calm decisions now prevent score drops later.
Events & Holidays,Long-weekend road trip ahead? Set navigation and playlist before you shift into drive. Keep the journey calm and productive.
Events & Holidays,First rain after a dry spell is slick. Drive as if the lane is glass for the first hour and protect your streak.
Events & Holidays,End-of-month check-in: open your weekly insights and choose one habit to tighten. Small improvements compound.
Events & Holidays,Stadium traffic tonight. Skip aggressive exits; float through with wide gaps and preserve your score.
Events & Holidays,First cold morning of the season. Tires wake up slowly; you should too. Gentle throttle for the first miles.
World News,"Major storm in headlines. Even if it misses you, treat wet roads like ice for the first hour after rain. Patience prevents spins."
News,Fuel prices rising. Smoother speed costs less and scores better. Use cruise control on open stretches.
AZ related news,Marathon closures downtown. Re-route early instead of last-second zigzags. Your future self avoids stress.
AZ related news,Big concert release means venue traffic. Expect surges after the encore. Let the crowd rush; you stay steady.
AZ related news,Construction season expands. Orange cones require commitment. Pick a lane early and hold it.
AZ related news,Heatwave coverage everywhere. Hot pavement lowers grip. Build extra stopping distance and float the brake.
AZ related news,Transit strike pushes commuters back to cars. Increase following distance and lower expectations for speed.
Zenlit News,"Referrals simplified. Share your link; when friends complete trip, both benefit. Expand the safe-driving circle."
Zenlit News,City trip detection tuned. Expect cleaner event logs and fairer scoring in stop-and-go traffic.
Zenlit News,Weekly leaderboards snapshot performance. Compare locally and set a reachable target for next week.
Education,Your ZenScore is a mirror. Tap the latest trip and find moments to avoid tomorrow.
Education,Seven-day tune-up: go phone-free while the car is moving. Watch your safe miles respond within days.
Education,Enable Personal Driving Focus before you shift into drive. No phone! Silence pings; protect attention.
Education,"Urban tip: treat yellow lights as slow-roll decisions, not sprints. Most hard brakes start two blocks earlier."
Education,"Highway tip: pick a lane, match traffic speed, and drop the urge to weave. Predictability wins."
Education,Rain playbook: double following distance and brake one beat earlier than feels normal.
Education,Night driving: reduce speed variance and avoid discretionary lane changes. Darkness forgives less.
Education,"Review your top three weekly events. Fix the pattern, not just the moment."
Education,Map your commute and mark hotspots. Plan smoother approaches before you reach them.
Token Stories,"First redemption changes perspective. One week of steady, phone-free drives turned into coffee on us. Next week, repeat."
Token Stories,"Weekend road trip, steady speed, no rush. Amazon card that followed felt earned mile by mile."
Token Stories,From frantic to focused: cutting phone touches by half lifted tokens the same trip.
Token Stories,Short city errands still count. Smooth approaches and patient merges add up faster than expected.
Safety & Analytics,"Most hard brakes are preventable. Look two cars ahead, pace merges, and time your coast."
Safety & Analytics,Speed variance is silent friction. Smooth pedal pressure and generous gaps remove it.
Safety & Analytics,"Distraction is expensive. If interaction is necessary, park first. One minute beats a week of recovery."
Safety & Analytics,"Night risk climbs after 11 p.m. Dial back speed, lane changes, and expectations."
Safety & Analytics,First hour of rain spikes incidents. Brake earlier and straighter than instinct.
Safety & Analytics,Under-inflated tires lengthen stopping distance. Check monthly and protect grip.
Safety & Analytics,Work zones compress lanes and patience. Choose calm as your default.
Safety & Analytics,Cities punish impulse; highways punish drift. Adjust mindset by segment.
Safety & Analytics,Morning rush is a negotiation. Leave five minutes earlier to remove the need to force space.
Safety & Analytics,Heat softens pavement. Double following distance on scorched days and keep inputs light.
Safety & Analytics,Lane discipline beats lane shopping. Fewer changes mean fewer surprises.
Safety & Analytics,"Merging is choreography. Signal early, find rhythm, slide in without drama."
Safety & Analytics,Parking structures demand patience. Tight spirals and blind pillars need slow movement.
Interactive,Quick poll: is your driving calmer in the morning or evening? Pick a side and explain why.
Interactive,Challenge: seven days with Driving Focus on and zero phone touches while moving. Post before/after scores.
Interactive,"Question: on open highways, do you prefer cruise or manual control, and why?"
Interactive,Quiz: how many seconds of following distance do you keep at 55 mph? Share your rule.
Interactive,Challenge: leave five minutes early all week. Report whether your commute felt different.
Interactive,Poll: city streets or freeway—where do you feel more in control? Explain your answer.
Interactive,Challenge: one weekend with zero hard brakes. Plan routes that make calm easy and report back. Post before/after scores.
Interactive,Question: phone mount or pocket while driving? What kept you most focused?
Interactive,"Weekend is coming! Like for Driving around, Heart for 1-night Stacation, Wow for Long Roadtrip! "
Education,Your ZenScore updates evere day. See trends and act before risky habits stick. Drive safe - earn more ZNLT!
Safety & Analytics,"First fall storms are coming: increase following distance and check tire tread depth. #znltsafety #drivesafe
"
Education,Weekly tokens report: check you trends and earnings
Friday night travel tips,Leaf season driving: wet leaves reduce grip like ice—brake gently and avoid sudden steering.
Education,"Drive safe, earn crypto. Zenlit turns every safe drive into tokens. Safer roads, smarter rewards."
Education,Refer & Earn: Invite friends and get 100 ZNLT per referral.
Education,"What if every driver got paid to drive safer? With Zenlit, that future starts today. Drive safe. Earn crypto. Build the movement."
Education,Earn while making roads safer. Every cautious acceleration and complete stop is appreciated and rewarded
Friday night travel tips,Long-weekend plans? Comment your route and we’ll reply with a custom safety checklist. #sharewithzenlit #zenlitbattle
Interactive,"Poll: highway or city driving—where do you feel safer, and why? Put humb up for highway and heart for city #sharewithzenlit #zenlitbattle"
Token Stories,"Did you know that in may 2010, one programmer bought 2 pizzas for 10,000 BTC. Today, that’s worth hundreds of millions. The famous ‘Bitcoin Pizza Day’ shows how value evolves. Zenlit Pizza Day is coming soon! "
Safety & Analytics,Following distance rule: 3 seconds in dry conditions; add more for rain or night. #znltsafety #drivesafe
Education,Turn driving into a game: compete with friends on safety miles and earn tokens together. #zenlitbattle Post your safe miles results.
Interactive,What’s your dream road-trip route this fall? Share best destinations with us #sharewithzenlit #zenlitbattle
Safety & Analytics,Hard braking insights: see where it happens most and how to smooth it out with Zenlit. Drive safe - earn ZNLT! #zenlit #drivesafe
,
,
,
,
,
,
,
,
,
,
,
,
,
,
,
,
,
,
,
,
,
,
,
,
,
,